cell_type,species,positive_markers,negative_markers,notes
T cell,human,CD3;CD90,CD19;CD20;CD66b;Siglec-8;CD15;CD141;CD1c;HLA-DR;CD68;CD14;CD16;CD64,
ab T cell,human,CD3;CD90;TCRbeta;TCRab,CD19;CD20;CD66b;Siglec-8;CD15;CD141;CD1c;HLA-DR;CD68;CD14;CD16;CD64;TCRgd,
gd T cell,human,CD3;TCRgd,CD19;CD20;CD66b;Siglec-8;CD15;CD141;CD1c;HLA-DR;CD68;CD14;CD16;CD64;TCRbeta;TCRab,
CD4,human,CD3;CD90;TCRbeta;TCRab;CD4,CD19;CD20;CD66b;Siglec-8;CD15;CD141;CD1c;HLA-DR;CD68;CD14;CD16;CD64;TCRgd;CD8,
CD8,human,CD3;CD90;TCRbeta;TCRab;CD8,CD19;CD20;CD66b;Siglec-8;CD15;CD141;CD1c;HLA-DR;CD68;CD14;CD16;CD64;TCRgd;CD4,
CD4 gdTC,human,CD3;TCRgd;CD4,CD19;CD20;CD66b;Siglec-8;CD15;CD141;CD1c;HLA-DR;CD68;CD14;CD16;CD64;TCRbeta;TCRab;CD8,
CD8 gdTC,human,CD3;TCRgd;CD8,CD19;CD20;CD66b;Siglec-8;CD15;CD141;CD1c;HLA-DR;CD68;CD14;CD16;CD64;TCRbeta;TCRab;CD4,
DN gdTC,human,CD3;TCRgd,CD19;CD20;CD66b;Siglec-8;CD15;CD141;CD1c;HLA-DR;CD68;CD14;CD16;CD64;TCRbeta;TCRab;CD4;CD8,
gdTC Vg9Vd2,human,CD3;TCRgd;TCR Vg9;TCR Vd2,CD19;CD20;CD66b;Siglec-8;CD15;CD141;CD1c;HLA-DR;CD68;CD14;CD16;CD64;TCRbeta;TCRab;CD4;CD8,
CD4 Tconv,human,CD3;CD90;TCRbeta;TCRab;CD4,CD19;CD20;CD66b;Siglec-8;CD15;CD141;CD1c;HLA-DR;CD68;CD14;CD16;CD64;TCRgd;CD8;FoxP3;CD25,
CD4 Treg,human,CD3;CD90;TCRbeta;TCRab;CD4;FoxP3;CD25,CD19;CD20;CD66b;Siglec-8;CD15;CD141;CD1c;HLA-DR;CD68;CD14;CD16;CD64;TCRgd;CD8;CD127,
CD8 Tconv,human,CD3;CD90;TCRbeta;TCRab;CD8,CD19;CD20;CD66b;Siglec-8;CD15;CD141;CD1c;HLA-DR;CD68;CD14;CD16;CD64;TCRgd;CD4;FoxP3;CD25,
CD8 Treg,human,CD3;CD90;TCRbeta;TCRab;CD8;FoxP3;CD25,CD19;CD20;CD66b;Siglec-8;CD15;CD141;CD1c;HLA-DR;CD68;CD14;CD16;CD64;TCRgd;CD4,
CD4 Tconv EM,human,CD3;CD90;TCRbeta;TCRab;CD4,CD19;CD20;CD66b;Siglec-8;CD15;CD141;CD1c;HLA-DR;CD68;CD14;CD16;CD64;TCRgd,
Naïve CD4 Tconv,human,CD3;CD90;TCRbeta;TCRab;CD4;CD45RA;CCR7;CD62L,CD19;CD20;CD66b;Siglec-8;CD15;CD141;CD1c;HLA-DR;CD68;CD14;CD16;CD64;TCRgd;CD8;FoxP3;CD25;CD45RO,
CD4 Tconv CM,human,CD3;CD90;TCRbeta;TCRab;CD4;CD45RO;CCR7;CD62L,CD19;CD20;CD66b;Siglec-8;CD15;CD141;CD1c;HLA-DR;CD68;CD14;CD16;CD64;TCRgd;CD8;FoxP3;CD25;CD45RA,
CD4 Tconv TEMRA,human,CD3;CD90;TCRbeta;TCRab;CD4;CD45RA,CD19;CD20;CD66b;Siglec-8;CD15;CD141;CD1c;HLA-DR;CD68;CD14;CD16;CD64;TCRgd;CD8;FoxP3;CD25;CD62L;CCR7,
CD4 TRM,human,CD3;CD90;TCRbeta;TCRab;CD4;CD69,CD19;CD20;CD66b;Siglec-8;CD15;CD141;CD1c;HLA-DR;CD68;CD14;CD16;CD64;TCRgd;CD8;FoxP3;CD25,
CD4 Treg EM,human,CD3;CD90;TCRbeta;TCRab;CD4;FoxP3;CD25,CD19;CD20;CD66b;Siglec-8;CD15;CD141;CD1c;HLA-DR;CD68;CD14;CD16;CD64;TCRgd;CD8;CD127;CD45RA;CCR7;CD62L,
Naïve CD4 Treg,human,CD3;CD90;TCRbeta;TCRab;CD4;FoxP3;CD25;CD45RA;CCR7;CD62L,CD19;CD20;CD66b;Siglec-8;CD15;CD141;CD1c;HLA-DR;CD68;CD14;CD16;CD64;TCRgd;CD8;CD127;CD45RO,
CD4 Treg CM,human,CD3;CD90;TCRbeta;TCRab;CD4;FoxP3;CD25;CCR7;CD62L,CD19;CD20;CD66b;Siglec-8;CD15;CD141;CD1c;HLA-DR;CD68;CD14;CD16;CD64;TCRgd;CD8;CD127;CD45RA,
CD4 Treg TEMRA,human,CD3;CD90;TCRbeta;TCRab;CD4;FoxP3;CD25;CD45RA,CD19;CD20;CD66b;Siglec-8;CD15;CD141;CD1c;HLA-DR;CD68;CD14;CD16;CD64;TCRgd;CD8;CD127;CD62L;CCR7,
CD4 Treg TRM,human,CD3;CD90;TCRbeta;TCRab;CD4;FoxP3;CD25;CD69,CD19;CD20;CD66b;Siglec-8;CD15;CD141;CD1c;HLA-DR;CD68;CD14;CD16;CD64;TCRgd;CD8;CD127,
Tfh,human,CD3;CD90;TCRbeta;TCRab;CD4;Bcl-6;IL-21;CXCR5;PD-1,CD19;CD20;CD66b;Siglec-8;CD15;CD141;CD1c;HLA-DR;CD68;CD14;CD16;CD64;TCRgd;CD8;FoxP3;CD25,
Tfr,human,CD3;CD90;TCRbeta;TCRab;CD4;FoxP3;CD25;Bcl-6;IL-21;CXCR5;PD-1,CD19;CD20;CD66b;Siglec-8;CD15;CD141;CD1c;HLA-DR;CD68;CD14;CD16;CD64;TCRgd;CD8;CD127,
Th1,human,CD3;CD90;TCRbeta;TCRab;CD4;T-bet;IFNg;TNF;CCR5;CXCR3,CD19;CD20;CD66b;Siglec-8;CD15;CD141;CD1c;HLA-DR;CD68;CD14;CD16;CD64;TCRgd;CD8;FoxP3;CD25,
Tr1,human,CD3;CD90;TCRbeta;TCRab;CD4;IL-10;LAG3;CD49b;CD226,CD19;CD20;CD66b;Siglec-8;CD15;CD141;CD1c;HLA-DR;CD68;CD14;CD16;CD64;TCRgd;CD8;FoxP3;CD25,
Th2,human,CD3;CD90;TCRbeta;TCRab;CD4;GATA-3;IL-4;IL-5;IL-13;CD294;CCR4,CD19;CD20;CD66b;Siglec-8;CD15;CD141;CD1c;HLA-DR;CD68;CD14;CD16;CD64;TCRgd;CD8;FoxP3;CD25,
Th17,human,CD3;CD90;TCRbeta;TCRab;CD4;RORgT;IL-17;IL-17F;IL-22;CCR6,CD19;CD20;CD66b;Siglec-8;CD15;CD141;CD1c;HLA-DR;CD68;CD14;CD16;CD64;TCRgd;CD8;FoxP3;CD25,
iNKT,human,CD3;CD90;TCRbeta;TCRab;CD4;CD161;TCR Va24-Ja18;TCR Vb11,CD19;CD20;CD66b;Siglec-8;CD15;CD141;CD1c;HLA-DR;CD68;CD14;CD16;CD64;TCRgd;FoxP3;CD25;TCR Va7.2,
MAIT,human,CD3;CD90;TCRbeta;TCRab;CD161;TCR Va7.2;CD8,CD19;CD20;CD66b;Siglec-8;CD15;CD141;CD1c;HLA-DR;CD68;CD14;CD16;CD64;TCRgd;FoxP3;CD25;TCR Va24-Ja18,
CD8 Tconv EM,human,CD3;CD90;TCRbeta;TCRab;CD8,CD19;CD20;CD66b;Siglec-8;CD15;CD141;CD1c;HLA-DR;CD68;CD14;CD16;CD64;TCRgd;CD4;FoxP3;CD25;CD45RA;CCR7;CD62L,
Naïve CD8 Tconv,human,CD3;CD90;TCRbeta;TCRab;CD8;CD45RA;CCR7;CD62L,CD19;CD20;CD66b;Siglec-8;CD15;CD141;CD1c;HLA-DR;CD68;CD14;CD16;CD64;TCRgd;CD4;FoxP3;CD25;CD45RO,
CD8 Tconv CM,human,CD3;CD90;TCRbeta;TCRab;CD8;CD45RO;CCR7;CD62L,CD19;CD20;CD66b;Siglec-8;CD15;CD141;CD1c;HLA-DR;CD68;CD14;CD16;CD64;TCRgd;CD4;FoxP3;CD25;CD45RA,
CD8 Tconv TEMRA,human,CD3;CD90;TCRbeta;TCRab;CD8;CD45RA,CD19;CD20;CD66b;Siglec-8;CD15;CD141;CD1c;HLA-DR;CD68;CD14;CD16;CD64;TCRgd;CD4;FoxP3;CD25;CD62L;CCR7,
CD8 TRM,human,CD3;CD90;TCRbeta;TCRab;CD8;CD69;CD103,CD19;CD20;CD66b;Siglec-8;CD15;CD141;CD1c;HLA-DR;CD68;CD14;CD16;CD64;TCRgd;CD4;FoxP3;CD25,
CD8 NKT,human,CD3;CD90;TCRbeta;TCRab;CD8;CD161,CD19;CD20;CD66b;Siglec-8;CD15;CD141;CD1c;HLA-DR;CD68;CD14;CD16;CD64;TCRgd;CD4;FoxP3;CD25,
CD8 SLEC,human,CD3;CD90;TCRbeta;TCRab;CD8;KLRG1,CD19;CD20;CD66b;Siglec-8;CD15;CD141;CD1c;HLA-DR;CD68;CD14;CD16;CD64;TCRgd;CD4;FoxP3;CD25;CD45RA;CCR7;CD62L,
CD8 MPEC,human,CD3;CD90;TCRbeta;TCRab;CD8;Eomes,CD19;CD20;CD66b;Siglec-8;CD15;CD141;CD1c;HLA-DR;CD68;CD14;CD16;CD64;TCRgd;CD4;FoxP3;CD25;CD45RA;CCR7;CD62L,
exhausted CD8,human,CD3;CD90;TCRbeta;TCRab;CD8;PD-1;CD366;TIGIT;CD152;LAG3,CD19;CD20;CD66b;Siglec-8;CD15;CD141;CD1c;HLA-DR;CD68;CD14;CD16;CD64;TCRgd;CD4;FoxP3;CD25;CD45RA;CCR7;CD62L,
LSEC,human;mouse,CD146;Stabilin2;CD31;CD32;LYVE1,CD45;Gr-1;Ly6G;PDCA-1;CD19;CD3;CD4;CD8,Liver-resident
Langerhans cell,human,CD11c;EpCAM;CD324;HLA-DR;CD207;CD205;CD11b,XCR1;CD64;CD15;CD141;CD19;CD3;CD4;CD8;CD20;TCRab;CD68,Skin-resident
Macrophage,human,CD68;CD64;CD11b;HLA-DR;CX3CR1;MerTK;CCR2;CD45;CD172a,Siglec-8;CD1c;CD141;CD19;CD3;CD4;CD8;CD20;TCRab;CD15,Skin-resident
Microglia,human,CD68;Iba-1;CD64;CD11b;CX3CR1;MerTK;CCR2;P2RY12;P2XR7,CD45;FOLR2;CD206;LYVE1;CD371;CD4;CD8;CD19;CD20;CD161;CD141,Brain-resident
BAM,human,CD68;CD64;CD11b;CX3CR1;MerTK;CCR2;CD45;FOLR2;CD371;FR2;LYVE1;CD206,CD4;CD8;CD19;CD3;Siglec-8;CD141,Brain-resident
Oligodendrocyte,human;mouse,O4,CD45;CD11b,Brain-resident
Astrocyte,human;mouse,ACSA-2;GFAP,CD45;CD11b,Brain-resident
NK,human,CD56;CD16;CD11b;CD122;Eomes;CD90;T-bet;Granzyme B;Perforin;IFNg;TNF,CD3;CD19;CD15;CD14;Siglec-8;CD64;CD141;CCR3;CD1c;HLA-DR;TCRab;TCRgd;TCRbeta;CD4;CD8;CD66b,
Early NK,human,CD56;CD11b;CD122;Eomes;CD90;T-bet;Granzyme B;Perforin;IFNg;TNF,CD3;CD19;CD15;CD14;Siglec-8;CD64;CD141;CCR3;CD1c;HLA-DR;TCRab;TCRgd;TCRbeta;CD4;CD8;CD66b;CD16,
Mature NK,human,CD56;CD16;CD11b;CD122;Eomes;CD90;T-bet;Granzyme B;Perforin;IFNg;TNF,CD3;CD19;CD15;CD14;Siglec-8;CD64;CD141;CCR3;CD1c;HLA-DR;TCRab;TCRgd;TCRbeta;CD4;CD8;CD66b,
Terminal NK,human,CD16;CD11b;CD122;Eomes;CD90;T-bet;Granzyme B;Perforin;IFNg;TNF,CD3;CD19;CD15;CD14;Siglec-8;CD64;CD141;CCR3;CD1c;HLA-DR;TCRab;TCRgd;TCRbeta;CD4;CD8;CD66b;CD56,
CD14 Monocyte,human,CD14;CD45;CD11b;CD172a;CCR2;CD86;CD163;CD40;CD11c;AF;HLA-DR,CD68;CD16;CD15;CD3;CD4;CD8;CD1c;CD141;CD64;Siglec-8;CCR3;CD20;TCRgd;TCRbeta;CD90;TCRab;CD56,
CD16 Monocyte,human,CD16;CD45;CD11b;CD172a;CCR2;CD86,CD68;CD14;CD15;CD3;CD4;CD8;CD1c;CD141;CD64;Siglec-8;CCR3;CD20;TCRgd;TCRbeta;CD90;TCRab;CD56;CD163,
CD14+CD16+ Monocyte,human,CD14;CD16;CD45;CD11b;CD172a;CCR2,CD68;CD15;CD3;CD4;CD8;CD1c;CD141;CD64;Siglec-8;CCR3;CD20;TCRgd;TCRbeta;CD90;TCRab;CD56,
Neutrophil,human,CD15;CD66b;CD11b;CD172a;CD45,CD68;CD3;CD4;CD8;CD1c;CD141;CD64;Siglec-8;CCR3;CD20;TCRgd;TCRbeta;CD90;TCRab;CD56,
Eosinophil,human,Siglec-8;CCR3;AF;CD11b;CD11c,CD3;CD4;CD8;PDCA-1;CD64;CD14;CD68;CD56;CD20;TCRgd;TCRbeta;TCRab;CD90,
Basophil,human,IgE;FceRIa;CCR3;CD294;CD16;CD123,CD117;CD19;CD3;CD66b;CD15;CD141;CD1c;HLA-DR;Siglec-8;CD20;CD4;CD8;TCRgd;TCRbeta;TCRab;CD90;CD56;CD14,
Mast cell,human,IgE;FceRIa;CD117,CD19;CD3;CD66b;CD15;CD141;CD1c;HLA-DR;Siglec-8;CD20;CD4;CD8;TCRgd;TCRbeta;TCRab;CD90;CD56;CD14;CD123,
B cell,human,CD19;CD20;HLA-DR,CD3;CD15;CCR3;CD66b;Siglec-8;CD14;CD16;CD141;CD4;CD8;CD90;CD68;TCRab;TCRgd;TCRbeta,
Naïve B cell,human,CD19;CD20;HLA-DR;IgD;CD24;CD38,CD3;CD15;CCR3;CD66b;Siglec-8;CD14;CD16;CD141;CD4;CD8;CD90;CD68;TCRab;TCRgd;TCRbeta;CD27;CD10,
MZ B cell,human,CD19;CD20;HLA-DR;CD21;CD27;IgM;IgD,CD3;CD15;CCR3;CD66b;Siglec-8;CD14;CD16;CD141;CD4;CD8;CD90;CD68;TCRab;TCRgd;TCRbeta,
Class switched Mem B cell,human,CD19;CD20;HLA-DR;CD27,CD3;CD15;CCR3;CD66b;Siglec-8;CD14;CD16;CD141;CD4;CD8;CD90;CD68;TCRab;TCRgd;TCRbeta;IgD;IgM,
Follicular B cell,human,CD19;CD20;CD23;IgM;IgD,CD3;CD15;CCR3;CD66b;Siglec-8;CD14;CD16;CD141;CD4;CD8;CD90;CD68;TCRab;TCRgd;TCRbeta,
GC B cell,human,CD19;CD20;HLA-DR;CD95;Bcl-6;Ki67,CD3;CD15;CCR3;CD66b;Siglec-8;CD14;CD16;CD141;CD4;CD8;CD90;CD68;TCRab;TCRgd;TCRbeta;IgD,
T1 B cell,human,CD19;CD20;HLA-DR;IgD;IgM;CD10;CD24;CD38,CD3;CD15;CCR3;CD66b;Siglec-8;CD14;CD16;CD141;CD4;CD8;CD90;CD68;TCRab;TCRgd;TCRbeta;CD27;CD21,
T2 B cell,human,CD19;CD20;HLA-DR;IgD;IgM;CD10;CD24;CD38;CD21,CD3;CD15;CCR3;CD66b;Siglec-8;CD14;CD16;CD141;CD4;CD8;CD90;CD68;TCRab;TCRgd;TCRbeta;CD27,
T3 B cell,human,CD19;CD20;HLA-DR;IgD;IgM;CD24;CD38,CD3;CD15;CCR3;CD66b;Siglec-8;CD14;CD16;CD141;CD4;CD8;CD90;CD68;TCRab;TCRgd;TCRbeta;CD27;CD10,
DN B cell,human,CD19;CD20,CD3;CD15;CCR3;CD66b;Siglec-8;CD14;CD16;CD141;CD4;CD8;CD90;CD68;TCRab;TCRgd;TCRbeta;CD27;IgD,
Memory B cell,human,CD19;CD20;HLA-DR;CD27;IgD,CD3;CD15;CCR3;CD66b;Siglec-8;CD14;CD16;CD141;CD4;CD8;CD90;CD68;TCRab;TCRgd;TCRbeta,
B1 B cell,human,CD19;CD27;CD43,CD3;CD15;CCR3;CD66b;Siglec-8;CD14;CD16;CD141;CD4;CD8;CD90;CD68;TCRab;TCRgd;TCRbeta,
Breg,human,CD19;CD20;HLA-DR;IL-10;TGFbeta;IL-35,CD3;CD15;CCR3;CD66b;Siglec-8;CD14;CD16;CD141;CD4;CD8;CD90;CD68;TCRab;TCRgd;TCRbeta,
Plasma cell,human,CD27;IgM;IgG;CD138;CD19;HLA-DR,CD3;CD15;CCR3;CD66b;Siglec-8;CD14;CD16;CD141;CD4;CD8;CD90;CD68;TCRab;TCRgd;TCRbeta;IgD;CD20,
ILC,human,CD25;CD127;CD90;CD161;CD2,CD3;CD15;CD66b;Siglec-8;CD14;CD141;CD4;CD8;CD68;TCRab;TCRgd;TCRbeta;CD19;CD20;CD123,
ILC1,human,CD25;CD127;CD90;CD161;CD2;T-bet;CXCR6;CD69;IFNg;TNF;CD4,CD3;CD15;CD66b;Siglec-8;CD14;CD141;CD8;CD68;TCRab;TCRgd;TCRbeta;CD19;CD20;CD123;RORgT;CCR6;CD117;CD294,
ILC2,human,CD25;CD127;CD90;CD161;CD2;GATA-3;ST2;KLRG1;ICOS;IL-17RB;CD69;IL-4;IL-5;IL-13;CD294,CD3;CD15;CD66b;Siglec-8;CD14;CD141;CD4;CD8;CD68;TCRab;TCRgd;TCRbeta;CD19;CD20;CD123;RORgT;CCR6;T-bet;CD117,
ILC3,human,CD25;CD127;CD90;CD161;CD2;RORgT;CD117;CCR6;CD69;MHCII;IL-17,CD3;CD15;CD66b;Siglec-8;CD14;CD141;CD4;CD8;CD68;TCRab;TCRgd;TCRbeta;CD19;CD20;CD123;T-bet;ST2;IL-17RB;CD294,
DC,human,HLA-DR;CD123;CD80;CD86;CD24;CD11c,CD3;CD15;CCR3;CD66b;Siglec-8;CD141;CD90;CD68;TCRab;TCRgd;TCRbeta;CD14;CD56;CD19;CD20,
pDC,human,HLA-DR;CD123;CD80;CD86;CD24;CD141;CD303;Neuropilin;CD4,CD3;CD15;CCR3;CD66b;Siglec-8;CD90;CD68;TCRab;TCRgd;TCRbeta;CD14;CD56;CD19;CD20;CD11c;CD16,
cDC1,human,HLA-DR;CD80;CD86;CD24;CD11c;CADM1;XCR1;CD141;CD16;CD40,CD3;CD15;CCR3;CD66b;Siglec-8;CD14;CD90;CD68;TCRab;TCRgd;TCRbeta;CD56;CD19;CD20,
cDC2,human,HLA-DR;CD80;CD86;CD24;CD11c;FceRIa;CD301;CD1c;CX3CR1;CD172a;CD40;CD163,CD3;CD15;CCR3;CD66b;Siglec-8;CD14;CD16;CD141;CD90;CD68;TCRab;TCRgd;TCRbeta;CD56;CD19;CD20;CD11b,
DN DC,human,HLA-DR;CD80;CD86;CD24;CD11c;CX3CR1;CD172a;CD45RA,CD3;CD15;CCR3;CD66b;Siglec-8;CD14;CD16;CD141;CD90;CD68;TCRab;TCRgd;TCRbeta;CD56;CD19;CD20;CD1c;CD11b,
T cell,mouse,CD3;CD90.2,CD19;B220;CD11b;Gr-1;F4/80;Siglec F;Ly6G;PDCA-1;CD11c;MHCII;CD64,
ab T cell,mouse,CD3;CD90.2;TCRbeta;TCRab,CD19;B220;CD11b;Gr-1;F4/80;Siglec F;Ly6G;PDCA-1;CD11c;MHCII;CD64;TCRgd,
gd T cell,mouse,CD3;TCRgd,CD19;B220;CD11b;Gr-1;F4/80;Siglec F;Ly6G;PDCA-1;CD11c;MHCII;CD64;TCRbeta;TCRab,
CD4,mouse,CD3;CD90.2;CD4;TCRbeta;TCRab,CD19;B220;CD11b;Gr-1;F4/80;Siglec F;Ly6G;PDCA-1;CD11c;MHCII;CD64;CD8;TCRgd,
CD8,mouse,CD3;CD90.2;CD8;TCRbeta;TCRab,CD19;B220;CD11b;Gr-1;F4/80;Siglec F;Ly6G;PDCA-1;CD11c;MHCII;CD64;CD4;TCRgd,
CD4 gdTC,mouse,CD3;CD4;TCRgd,CD19;B220;CD11b;Gr-1;F4/80;Siglec F;Ly6G;PDCA-1;CD11c;MHCII;CD64;CD8;TCRbeta;TCRab,
CD8 gdTC,mouse,CD3;CD90.2;CD8;TCRgd,CD19;B220;CD11b;Gr-1;F4/80;Siglec F;Ly6G;PDCA-1;CD11c;MHCII;CD64;CD4;TCRbeta;TCRab,
CD4 Tconv,mouse,CD3;CD90.2;CD4;TCRbeta;TCRab,CD19;B220;CD11b;Gr-1;F4/80;Siglec F;Ly6G;PDCA-1;CD11c;MHCII;CD64;FoxP3;CD90.1;CD8;TCRgd,
CD4 Treg,mouse,CD3;CD90.2;CD4;TCRbeta;TCRab;FoxP3;CD90.1,CD19;B220;CD11b;Gr-1;F4/80;Siglec F;Ly6G;PDCA-1;CD11c;MHCII;CD64;CD8;TCRgd,
CD8 Tconv,mouse,CD3;CD90.2;CD8;TCRbeta;TCRab,CD19;B220;CD11b;Gr-1;F4/80;Siglec F;Ly6G;PDCA-1;CD11c;MHCII;CD64;FoxP3;CD90.1;CD4;TCRgd,
CD8 Treg,mouse,CD3;CD90.2;CD8;TCRbeta;TCRab;FoxP3;CD90.1,CD19;B220;CD11b;Gr-1;F4/80;Siglec F;Ly6G;PDCA-1;CD11c;MHCII;CD64;CD4;TCRgd,
Act CD4 Tconv,mouse,CD3;CD90.2;CD4;TCRbeta;TCRab;CD44,CD19;B220;CD11b;Gr-1;F4/80;Siglec F;Ly6G;PDCA-1;CD11c;MHCII;CD64;FoxP3;CD90.1;CD8;TCRgd;CD62L,
Naïve CD4 Tconv,mouse,CD3;CD90.2;CD4;TCRbeta;TCRab;CD62L,CD19;B220;CD11b;Gr-1;F4/80;Siglec F;Ly6G;PDCA-1;CD11c;MHCII;CD64;FoxP3;CD90.1;CD8;TCRgd;CD44,
Memory CD4 Tconv,mouse,CD3;CD90.2;CD4;TCRbeta;TCRab;CD44;CD62L,CD19;B220;CD11b;Gr-1;F4/80;Siglec F;Ly6G;PDCA-1;CD11c;MHCII;CD64;FoxP3;CD90.1;CD8;TCRgd,
Act CD4 Treg,mouse,CD3;CD90.2;CD4;TCRbeta;TCRab;FoxP3;CD90.1;CD44,CD19;B220;CD11b;Gr-1;F4/80;Siglec F;Ly6G;PDCA-1;CD11c;MHCII;CD64;CD8;TCRgd;CD62L,
Naïve CD4 Treg,mouse,CD3;CD90.2;CD4;TCRbeta;TCRab;FoxP3;CD90.1;CD62L,CD19;B220;CD11b;Gr-1;F4/80;Siglec F;Ly6G;PDCA-1;CD11c;MHCII;CD64;CD8;TCRgd;CD44,
Memory CD4 Treg,mouse,CD3;CD90.2;CD4;TCRbeta;TCRab;FoxP3;CD90.1;CD44;CD62L,CD19;B220;CD11b;Gr-1;F4/80;Siglec F;Ly6G;PDCA-1;CD11c;MHCII;CD64;CD8;TCRgd,
Tfh,mouse,CD3;CD90.2;CD4;TCRbeta;TCRab;CD44;CXCR5;Bcl-6;IL-21,CD19;B220;CD11b;Gr-1;F4/80;Siglec F;Ly6G;PDCA-1;CD11c;MHCII;CD64;CD90.1;CD8;TCRgd;FoxP3,
Tfr,mouse,CD3;CD90.2;CD4;TCRbeta;TCRab;CD44;CXCR5;Bcl-6;FoxP3,CD19;B220;CD11b;Gr-1;F4/80;Siglec F;Ly6G;PDCA-1;CD11c;MHCII;CD64;CD90.1;CD8;TCRgd;CD62L,
Th1,mouse,CD3;CD90.2;CD4;TCRbeta;TCRab;CD44;T-bet;IFNg;TNF,CD19;B220;CD11b;Gr-1;F4/80;Siglec F;Ly6G;PDCA-1;CD11c;MHCII;CD64;CD90.1;CD8;TCRgd;FoxP3,
Tr1,mouse,CD3;CD90.2;CD4;TCRbeta;TCRab;CD44;IL-10;LAG3;CD49b;CD226,CD19;B220;CD11b;Gr-1;F4/80;Siglec F;Ly6G;PDCA-1;CD11c;MHCII;CD64;CD90.1;CD8;TCRgd;FoxP3,
Th2,mouse,CD3;CD90.2;CD4;TCRbeta;TCRab;CD44;GATA-3;IL-4;IL-5;IL-13,CD19;B220;CD11b;Gr-1;F4/80;Siglec F;Ly6G;PDCA-1;CD11c;MHCII;CD64;CD90.1;CD8;TCRgd;FoxP3,
Th17,mouse,CD3;CD90.2;CD4;TCRbeta;TCRab;CD44;RORgT;IL-17;IL-17F;IL-22,CD19;B220;CD11b;Gr-1;F4/80;Siglec F;Ly6G;PDCA-1;CD11c;MHCII;CD64;CD90.1;CD8;TCRgd;FoxP3,
iNKT,mouse,CD3;CD90.2;CD4;TCRbeta;TCRab;NK1.1;CD335;T-bet,CD19;B220;CD11b;Gr-1;F4/80;Siglec F;Ly6G;PDCA-1;CD11c;MHCII;CD64;FoxP3;CD90.1;CD8;TCRgd,
Act CD8,mouse,CD3;CD90.2;CD8;TCRbeta;TCRab;CD44,CD19;B220;CD11b;Gr-1;F4/80;Siglec F;Ly6G;PDCA-1;CD11c;MHCII;CD64;FoxP3;CD90.1;CD4;TCRgd;CD62L,
Naïve CD8,mouse,CD3;CD90.2;CD8;TCRbeta;TCRab;CD62L,CD19;B220;CD11b;Gr-1;F4/80;Siglec F;Ly6G;PDCA-1;CD11c;MHCII;CD64;FoxP3;CD90.1;CD4;TCRgd;CD44,
Memory CD8,mouse,CD3;CD90.2;CD8;TCRbeta;TCRab;CD44;CD62L,CD19;B220;CD11b;Gr-1;F4/80;Siglec F;Ly6G;PDCA-1;CD11c;MHCII;CD64;FoxP3;CD90.1;CD4;TCRgd,
CD8 NKT,mouse,CD3;CD90.2;CD8;TCRbeta;TCRab;NK1.1;CD335;CD44,CD19;B220;CD11b;Gr-1;F4/80;Siglec F;Ly6G;PDCA-1;CD11c;MHCII;CD64;FoxP3;CD90.1;CD4;TCRgd,
CD8 TRM,mouse,CD3;CD90.2;CD8;TCRbeta;TCRab;CD44;CD69;CD103,CD19;B220;CD11b;Gr-1;F4/80;Siglec F;Ly6G;PDCA-1;CD11c;MHCII;CD64;FoxP3;CD90.1;CD4;TCRgd;CD62L;CCR7;Ly6C,
CD8 SLEC,mouse,CD3;CD90.2;CD8;TCRbeta;TCRab;CD44;KLRG1,CD19;B220;CD11b;Gr-1;F4/80;Siglec F;Ly6G;PDCA-1;CD11c;MHCII;CD64;FoxP3;CD90.1;CD4;TCRgd;CD127;NK1.1,
CD8 MPEC,mouse,CD3;CD90.2;CD8;TCRbeta;TCRab;CD44;Eomes,CD19;B220;CD11b;Gr-1;F4/80;Siglec F;Ly6G;PDCA-1;CD11c;MHCII;CD64;FoxP3;CD90.1;CD4;TCRgd,
exhausted CD8,mouse,CD3;CD90.2;CD8;TCRbeta;TCRab;CD44;PD-1,CD19;B220;CD11b;Gr-1;F4/80;Siglec F;Ly6G;PDCA-1;CD11c;MHCII;CD64;FoxP3;CD90.1;CD4;TCRgd;CD62L,
Interstitial Mac,mouse,CD11b;CD64;F4/80;CX3CR1;CD172a;CCR2,Gr-1;Ly6G;Ly6C;Siglec F;CD11c;PDCA-1;CD19;CD3;CD4;CD8,Lung-resident
Alveolar Mac,mouse,CD11b;CD11c;CD64;F4/80;Siglec F;CX3CR1;CD172a;CCR2,Gr-1;Ly6G;Ly6C;PDCA-1;CD19;CD3;CD4;CD8,Lung-resident
Kupffer cell,mouse,CD11b;CD64;F4/80;CD172a;CLEC4F;TIM-4;Ly6C;MHCII,Gr-1;Ly6G;Siglec F;CD11c;PDCA-1;CD19;CD3;CD4;CD8;CX3CR1,Liver-resident
Liver Capsular Mac,mouse,CD11b;CD64;F4/80;MHCII;CD11c;CX3CR1;Ly6C,Gr-1;Ly6G;Siglec F;PDCA-1;CD19;CD3;CD4;CD8;TIM-4;CLEC4F,Liver-resident
Langerhans cell,mouse,CD11c;EpCAM;CD324;MHCII;CD207;CD205;CD11b,XCR1;CD64;Gr-1;Ly6G;PDCA-1;CD19;CD3;CD4;CD8,Skin-resident
Macrophage,mouse,F4/80;CD64;CD11b;MHCII;CX3CR1;MerTK;CCR2;CD45;CD172a,CD19;CD3;Gr-1;Ly6G;Siglec F;PDCA-1;CD4;CD8,
Microglia,mouse,F4/80;CD64;CD11b;CX3CR1;MerTK;CCR2;P2RY12;P2XR7,CD45;FOLR2;CD206;LYVE1;CD371;CD4;CD8;CD19;Siglec F;PDCA-1;Ly6G;Gr-1;CD3;TCRbeta;TCRgd;IgM;IgD,Brain-resident
DAM,mouse,F4/80;CD64;CD11b;CX3CR1;MerTK;CCR2;P2RY12;P2XR7;CD206;MHCII;CD9;CD11c,CD45;FOLR2;LYVE1;CD371;CD4;CD8;CD19;Siglec F;PDCA-1;Ly6G;Gr-1;CD3;TCRbeta;TCRgd;IgM;IgD,Brain-resident
BAM,mouse,F4/80;CD64;CD11b;CX3CR1;MerTK;CCR2;CD45;FOLR2;CD371;FR2;LYVE1;CD206,CD4;CD8;CD19;CD3;Siglec F;PDCA-1;Ly6G;Gr-1;TCRbeta;TCRgd;IgM;IgD,Brain-resident
NK,mouse,NK1.1;CD335;CD49b;CD11b;CD122;Eomes;CD90.2;T-bet;Granzyme B;Perforin;IFNg;TNF,CD3;CD19;B220;Gr-1;Ly6G;Siglec F;CD64;PDCA-1;CD11c;MHCII;F4/80;TCRgd;TCRbeta;CD127,
Monocyte,mouse,Ly6C;CD11b;CD172a;CCR2,Ly6G;CD3;CD4;CD8;CD11c;PDCA-1;CD64;F4/80;B220;CD19;TCRgd;TCRbeta;CD90.2,
Neutrophil,mouse,Ly6G;Gr-1;CD11b;CD172a,CD3;CD4;CD8;CD11c;PDCA-1;CD64;F4/80;B220;CD19;TCRgd;TCRbeta,
Eosinophil,mouse,Siglec F;AF;Ly6G;CD44;CD11b;CD24;CD125;CCR3;Gr-1,CD3;CD4;CD8;PDCA-1;CD64;Ly6C;B220;TCRgd;TCRbeta;MHCII;IgM;IgD;CD19;NK1.1,
Basophil,mouse,IgE;FceRIa;CD49b;CCR3;CD294,CD117;CD19;CD3;Gr-1;Ly6G;Siglec F;PDCA-1;CD4;CD8;F4/80;TCRgd;TCRbeta,
Mast cell,mouse,IgE;FceRIa;CD117,CD19;CD3;Gr-1;Ly6G;Siglec F;PDCA-1;B220;TCRgd;TCRbeta,
B cell,mouse,CD19;B220;MHCII,CD3;Gr-1;Ly6G;Siglec F;PDCA-1;CD4;CD8;CD90.2;F4/80;TCRgd;TCRbeta;CD11c;CD25;CD127,
Follicular B cell,mouse,CD19;B220;CD23;IgM;IgD;CD38,CD3;Gr-1;Ly6G;Siglec F;PDCA-1;CD4;CD8;CD90.2;F4/80;TCRgd;TCRbeta;CD64;CD11c;CD25;CD127,
MZ B cell,mouse,CD19;B220;CD21;CD1d;IgM,CD3;Gr-1;Ly6G;Siglec F;PDCA-1;CD4;CD8;CD90.2;F4/80;TCRgd;TCRbeta;CD64;CD11c;CD25;CD127;CD23;IgD;CD73;CD93,
GC B cell,mouse,CD19;B220;CD95;IgM;GL7;Bcl-6;Ki67,CD3;Gr-1;Ly6G;Siglec F;PDCA-1;CD4;CD8;CD90.2;F4/80;TCRgd;TCRbeta;CD64;CD11c;CD25;CD127;IgD;CD38;CD93,
Breg,mouse,CD19;B220;IL-10;TGFbeta;IL-35,CD3;Gr-1;Ly6G;Siglec F;PDCA-1;CD4;CD8;CD90.2;F4/80;TCRgd;TCRbeta;CD64;CD11c;CD25;CD127,
B1 B cell,mouse,CD19;CD11b,B220;CD3;Gr-1;Ly6G;Siglec F;PDCA-1;CD4;CD8;CD90.2;F4/80;TCRgd;TCRbeta;CD64;CD11c;CD25;CD127,
B1a B cell,mouse,CD5;CD43;CD19;CD11b,B220;CD3;Gr-1;Ly6G;Siglec F;PDCA-1;CD4;CD8;CD90.2;F4/80;TCRgd;TCRbeta;CD64;CD11c;CD25;CD127,
B1b B cell,mouse,CD43;CD19;CD11b,B220;CD3;Gr-1;Ly6G;Siglec F;PDCA-1;CD4;CD8;CD90.2;CD5;F4/80;TCRgd;TCRbeta;CD64;CD11c;CD25;CD127,
Plasma cell,mouse,B220;IgM;IgG;CD138;CXCR4,CD19;CD3;Gr-1;Ly6G;Siglec F;PDCA-1;CD4;CD8;CD90.2;F4/80;TCRgd;TCRbeta;CD64;CD38;CD11c;CD25;CD127,
Transitional B cell,mouse,CD19;B220;CD73;CD93;CD24,CD3;Gr-1;Ly6G;Siglec F;PDCA-1;CD4;CD8;CD90.2;F4/80;TCRgd;TCRbeta;CD64;CD11c;CD25;CD127,
T1 B cell,mouse,CD19;B220;CD73;CD93;IgM,CD3;Gr-1;Ly6G;Siglec F;PDCA-1;CD4;CD8;CD90.2;IgD;F4/80;TCRgd;TCRbeta;CD64;CD23;CD11c;CD25;CD127,
T2 B cell,mouse,CD19;B220;CD73;CD93;IgM;CD23,CD3;Gr-1;Ly6G;Siglec F;PDCA-1;CD4;CD8;CD90.2;IgD;F4/80;TCRgd;TCRbeta;CD64;CD11c;CD25;CD127,
T3 B cell,mouse,CD19;B220;CD73;CD93;CD23,IgM;CD3;Gr-1;Ly6G;Siglec F;PDCA-1;CD4;CD8;CD90.2;IgD;F4/80;TCRgd;TCRbeta;CD64;CD11c;CD25;CD127,
ILC,mouse,CD25;CD127;CD90.2,B220;CD3;Gr-1;Ly6G;Siglec F;PDCA-1;CD8;CD11b;CD11c;IgM;IgD;F4/80;TCRgd;TCRbeta,
ILC1,mouse,CD25;CD127;T-bet;CD335;CD90.2;CXCR6;CD69;IFNg;TNF,B220;CD3;Gr-1;Ly6G;Siglec F;PDCA-1;CD8;CD11b;CD11c;IgM;IgD;F4/80;TCRgd;TCRbeta;RORgT;Eomes,
ILC2,mouse,CD25;CD127;GATA-3;ST2;KLRG1;ICOS;IL-17RB;CD90.2;CD69;IL-4;IL-5;IL-13,B220;CD3;Gr-1;Ly6G;Siglec F;PDCA-1;CD8;CD11b;CD11c;IgM;IgD;F4/80;TCRgd;TCRbeta;RORgT,
ILC3,mouse,CD25;CD127;RORgT;CD117;CCR6;CD90.2;CD69;MHCII;IL-17,B220;CD3;Gr-1;Ly6G;Siglec F;PDCA-1;CD8;CD11b;CD11c;IgM;IgD;F4/80;TCRgd;TCRbeta;T-bet,
DC,mouse,CD11c;MHCII;CD80;CD86;CD24,CD3;Gr-1;Ly6G;Siglec F;IgM;IgD;TCRgd;TCRbeta;CD19;CD4;CD90.2,
pDC,mouse,CD11c;MHCII;CD80;CD86;CD24;PDCA-1;CD172a;B220;CD44;Ly6C,CD3;Gr-1;Ly6G;Siglec F;IgM;IgD;TCRgd;TCRbeta;CD19;CD4;CD90.2;XCR1;CD8,
cDC1,mouse,CD11c;MHCII;CD80;CD86;CD24;XCR1;CD8;CD103,CD3;Gr-1;Ly6G;Siglec F;IgM;IgD;TCRgd;TCRbeta;CD19;CD4;CD90.2;CD172a;PDCA-1,
cDC2,mouse,CD11c;MHCII;CD80;CD86;CD24;CD11b;CD172a,CD3;Gr-1;Ly6G;Siglec F;IgM;IgD;TCRgd;TCRbeta;CD19;CD4;CD90.2;XCR1;PDCA-1,
HSC (LSK),mouse,CD45;CD117;Sca-1;CD150,CD11c;Gr-1;Ly6G;Siglec F;IgM;IgD;TCRgd;TCRbeta;CD19;CD4;CD3;CD8;PDCA-1;F4/80;B220;NK1.1;TER119;CD135;CD34;CD48,
MPP1,mouse,CD45;CD34;CD117;Sca-1;CD150,CD11c;Gr-1;Ly6G;Siglec F;IgM;IgD;TCRgd;TCRbeta;CD19;CD4;CD3;CD8;PDCA-1;F4/80;B220;NK1.1;TER119;CD135;CD48,
MPP2,mouse,CD45;CD117;Sca-1;CD48;CD150,CD11c;Gr-1;Ly6G;Siglec F;IgM;IgD;TCRgd;TCRbeta;CD19;CD4;CD3;CD8;PDCA-1;F4/80;B220;NK1.1;TER119;CD135,
MPP3,mouse,CD45;CD117;Sca-1;CD48,CD11c;Gr-1;Ly6G;Siglec F;IgM;IgD;TCRgd;TCRbeta;CD19;CD4;CD3;CD8;PDCA-1;F4/80;B220;NK1.1;TER119;CD135;CD150,
MPP4,mouse,CD45;CD117;Sca-1;CD48;CD135,CD11c;Gr-1;Ly6G;Siglec F;IgM;IgD;TCRgd;TCRbeta;CD19;CD4;CD3;CD8;PDCA-1;F4/80;B220;NK1.1;TER119;CD150,
MPP5,mouse,CD45;CD117;Sca-1,CD11c;Gr-1;Ly6G;Siglec F;IgM;IgD;TCRgd;TCRbeta;CD19;CD4;CD3;CD8;PDCA-1;F4/80;B220;NK1.1;TER119;CD135;CD48;CD150,
GMP,mouse,CD117;CD34;CD16/32,CD11c;Gr-1;Ly6G;Siglec F;IgM;IgD;TCRgd;TCRbeta;CD19;CD4;CD3;CD8;PDCA-1;F4/80;B220;NK1.1;TER119;Sca-1,
CMP,mouse,CD117;CD34,CD11c;Gr-1;Ly6G;Siglec F;IgM;IgD;TCRgd;TCRbeta;CD19;CD4;CD3;CD8;PDCA-1;F4/80;B220;NK1.1;TER119;Sca-1;CD16/32;CD150,
MEP,mouse,CD117,CD11c;Gr-1;Ly6G;Siglec F;IgM;IgD;TCRgd;TCRbeta;CD19;CD4;CD3;CD8;PDCA-1;F4/80;B220;NK1.1;TER119;Sca-1;CD16/32;CD34,
CFU-Mk,mouse,CD117;CD150,CD11c;Gr-1;Ly6G;Siglec F;IgM;IgD;TCRgd;TCRbeta;CD19;CD4;CD3;CD8;PDCA-1;F4/80;B220;NK1.1;TER119;Sca-1;CD16/32;CD34,
CFU-E,mouse,CD117;CD105,CD11c;Gr-1;Ly6G;Siglec F;IgM;IgD;TCRgd;TCRbeta;CD19;CD4;CD3;CD8;PDCA-1;F4/80;B220;NK1.1;TER119;Sca-1;CD150;CD16/32,
CLP,mouse,CD45;CD117;Sca-1;CD135;CD127,CD11c;Gr-1;Ly6G;Siglec F;IgM;IgD;TCRgd;TCRbeta;CD19;CD4;CD3;CD8;PDCA-1;F4/80;B220;NK1.1;TER119,
